book_name,author,bookstore_id,isbn,genre,number_pages,Price,warehouse_id,quantity
"Adult Coloring Book Designs: Stress Relief Coloring Book: Garden Designs, Mandalas, Animals, and Paisley Patterns",Adult Coloring Book Designs,1,20000,Non Fiction,200,4,1,20
Adult Coloring Book: Stress Relieving Animal Designs,Blue Star Coloring,1,20001,Non Fiction,200,6,1,20
Adult Coloring Book: Stress Relieving Patterns,Blue Star Coloring,1,20002,Non Fiction,200,6,1,20
Catching Fire (The Hunger Games),Suzanne Collins,1,20015,Fiction,200,11,1,20
Catching Fire (The Hunger Games),Suzanne Collins,1,20016,Fiction,200,11,1,20
Catching Fire (The Hunger Games),Suzanne Collins,1,20017,Fiction,200,11,1,20
Hamilton: The Revolution,Lin-Manuel Miranda,2,20027,Non Fiction,200,54,1,20
"Happy, Happy, Happy: My Life and Legacy as the Duck Commander",Phil Robertson,2,20028,Non Fiction,200,11,1,20
"Harry Potter and the Chamber of Secrets: The Illustrated Edition (Harry Potter, Book 2)",J.K. Rowling,2,20029,Fiction,200,30,1,20
"Harry Potter and the Cursed Child, Parts 1 & 2, Special Rehearsal Edition Script",J.K. Rowling,2,20030,Fiction,200,12,1,20
"Harry Potter and the Goblet of Fire: The Illustrated Edition (Harry Potter, Book 4) (4)",J. K. Rowling,2,20031,Fiction,200,18,1,20
"Harry Potter and the Prisoner of Azkaban: The Illustrated Edition (Harry Potter, Book 3)",J.K. Rowling,2,20032,Fiction,200,30,1,20
"Harry Potter and the Sorcerer's Stone: The Illustrated Edition (Harry Potter, Book 1)",J.K. Rowling,2,20033,Fiction,200,22,1,20
Harry Potter Coloring Book,Scholastic,2,20034,Non Fiction,200,9,1,20
Harry Potter Paperback Box Set (Books 1-7),J. K. Rowling,2,20035,Fiction,200,52,1,20
The Fault in Our Stars,John Green,3,20050,Fiction,200,13,1,20
The Fault in Our Stars,John Green,3,20051,Fiction,200,13,1,20
The Fault in Our Stars,John Green,3,20052,Fiction,200,7,1,20
The Fault in Our Stars,John Green,3,20053,Fiction,200,13,1,20
To Kill a Mockingbird,Harper Lee,3,20073,Fiction,200,7,1,20
